Queens,,,
4,15,2,0
5,59,10,0
6,208,4,0
7,720,40,0
8,2685,92,0
9,10727,352,0.030999899
10,45542,724,0.125
11,209788,2680,0.562999964
12,1051777,14200,3.015000105
13,5652955,73712,16.93799996
14,32645912,365596,103.812
15,201495800,2279184,670.875
16,1327913591,14772512,4561.36
